{"aa": -5.276355921770104, "ab": -5.770903127269042, "ac": -4.419612972750336, "ad": -3.8084665402255258, "ae": -4.859525140668209, "af": -6.298050992869422, "ag": -5.984893107609793, "ah": -7.60547951806167, "ai": -4.8739341996797165, "aj": -7.89766026955498, "ak": -11.342445112227876, "al": -3.8631139361528746, "am": -3.6243879806117345, "an": -3.727735268112667, "ao": -3.930228132011411, "ap": -4.106165108251334, "aq": -5.645091373960527, "ar": -3.3512382306858814, "as": -2.911063587548348, "at": -5.1680742057543725, "au": -6.535090190170272, "av": -3.9800141883813414, "aw": -14.512370113670189, "ax": -12.190442018782827, "ay": -11.05293849503289, "az": -5.135159583281636, "ba": -2.617791030695529, "bb": -10.332036548361652, "bc": -9.332036548361652, "bd": -8.01010845347429, "be": -1.8084745923046395, "bf": -10.332036548361652, "bg": -10.332036548361652, "bh": -10.332036548361652, "bi": -3.1721652115832626, "bj": -8.332036548361652, "bk": -10.332036548361652, "bl": -7.01010845347429, "bm": -9.332036548361652, "bn": -10.332036548361652, "bo": -3.0746487056689995, "bp": -9.332036548361652, "bq": -10.332036548361652, "br": -2.1822894288569703, "bs": -7.332036548361652, "bt": -10.332036548361652, "bu": -3.939719125582891, "bv": -9.332036548361652, "bw": -10.332036548361652, "bx": -10.332036548361652, "by": -10.332036548361652, "bz": -10.332036548361652, "ca": -2.009159999285476, "cb": -12.473705749619416, "cc": -11.473705749619416, "cd": -11.473705749619416, "ce": -3.1975813443451777, "cf": -12.473705749619416, "cg": -12.473705749619416, "ch": -4.133855746734792, "ci": -3.3367146375391865, "cj": -12.473705749619416, "ck": -12.473705749619416, "cl": -7.264252383990466, "cm": -12.473705749619416, "cn": -12.473705749619416, "co": -1.2801803891182004, "cp": -12.473705749619416, "cq": -12.473705749619416, "cr": -4.780218792120091, "cs": -12.473705749619416, "ct": -10.151777654732054, "cu": -5.169925001442313, "cv": -12.473705749619416, "cw": -12.473705749619416, "cx": -12.473705749619416, "cy": -12.473705749619416, "cz": -12.473705749619416, "da": -2.5636677223579287, "db": -12.878817284614229, "dc": -12.878817284614229, "dd": -12.878817284614229, "de": -1.5245679026689878, "df": -12.878817284614229, "dg": -12.878817284614229, "dh": -12.878817284614229, "di": -2.924620974227354, "dj": -10.878817284614229, "dk": -12.878817284614229, "dl": -12.878817284614229, "dm": -11.878817284614229, "dn": -12.878817284614229, "do": -1.639815526848647, "dp": -12.878817284614229, "dq": -12.878817284614229, "dr": -6.4193856659769315, "ds": -12.878817284614229, "dt": -12.878817284614229, "du": -5.983999521306285, "dv": -12.878817284614229, "dw": -12.878817284614229, "dx": -12.878817284614229, "dy": -12.878817284614229, "dz": -12.878817284614229, "ea": -4.770286934221174, "eb": -7.507252528387379, "ec": -4.304814713426577, "ed": -4.722981219442817, "ee": -4.637836638197523, "ef": -6.3608089602842295, "eg": -5.803970060477463, "eh": -7.17794490313442, "ei": -4.530559901879448, "ej": -7.248334231025818, "ek": -14.377617247970784, "el": -3.952401344671401, "em": -3.5783356264488617, "en": -3.0818483135502763, "eo": -4.680649721736497, "ep": -5.087598401038166, "eq": -5.9471646963052525, "er": -3.1003298478404275, "es": -2.6659502744064376, "et": -5.087598401038166, "eu": -4.2994664402361344, "ev": -5.541566892912714, "ew": -14.377617247970784, "ex": -7.248334231025818, "ey": -14.377617247970784, "ez": -6.823028396293147, "fa": -1.7864342704305063, "fb": -10.382624026574916, "fc": -10.382624026574916, "fd": -10.382624026574916, "fe": -3.134696513131331, "ff": -10.382624026574916, "fg": -10.382624026574916, "fh": -10.382624026574916, "fi": -2.003245659503655, "fj": -10.382624026574916, "fk": -10.382624026574916, "fl": -7.060695931687555, "fm": -10.382624026574916, "fn": -10.382624026574916, "fo": -2.253341009629949, "fp": -10.382624026574916, "fq": -10.382624026574916, "fr": -4.007584595227992, "fs": -10.382624026574916, "ft": -10.382624026574916, "fu": -4.232876907070234, "fv": -10.382624026574916, "fw": -10.382624026574916, "fx": -10.382624026574916, "fy": -10.382624026574916, "fz": -10.382624026574916, "ga": -2.549602573531221, "gb": -10.75905593916017, "gc": -9.75905593916017, "gd": -10.75905593916017, "ge": -2.9975047067156906, "gf": -10.75905593916017, "gg": -10.75905593916017, "gh": -10.75905593916017, "gi": -4.086630597188675, "gj": -10.75905593916017, "gk": -10.75905593916017, "gl": -4.5692313802801525, "gm": -10.75905593916017, "gn": -6.951701017102566, "go": -2.793271654498083, "gp": -10.75905593916017, "gq": -10.75905593916017, "gr": -3.54960257353122, "gs": -10.75905593916017, "gt": -10.75905593916017, "gu": -1.4993126754693886, "gv": -10.75905593916017, "gw": -9.75905593916017, "gx": -10.75905593916017, "gy": -10.75905593916017, "gz": -10.75905593916017, "ha": -1.2138568373538927, "hb": -11.335390354693924, "hc": -10.335390354693924, "hd": -9.750427853972768, "he": -2.3185820670073696, "hf": -10.335390354693924, "hg": -11.335390354693924, "hh": -11.335390354693924, "hi": -5.6915341649192, "hj": -11.335390354693924, "hk": -11.335390354693924, "hl": -11.335390354693924, "hm": -10.335390354693924, "hn": -9.750427853972768, "ho": -1.6314867812492615, "hp": -11.335390354693924, "hq": -11.335390354693924, "hr": -11.335390354693924, "hs": -10.335390354693924, "ht": -11.335390354693924, "hu": -6.049988135831676, "hv": -11.335390354693924, "hw": -11.335390354693924, "hx": -11.335390354693924, "hy": -11.335390354693924, "hz": -11.335390354693924, "ia": -2.621858963709748, "ib": -8.056487191346474, "ic": -4.589787572245136, "id": -3.9067400718417904, "ie": -6.343769143426944, "if": -7.160323002331014, "ig": -5.868860188170702, "ih": -10.904484097901424, "ii": -10.904484097901424, "ij": -10.226412192788786, "ik": -13.226412192788786, "il": -5.160323002331014, "im": -3.7067759399455724, "in": -2.960797146304328, "io": -4.775201080956457, "ip": -6.783468696940058, "iq": -7.64144969206763, "ir": -3.6452116108638286, "is": -2.3514308451350114, "it": -4.295674855225899, "iu": -5.582556003014061, "iv": -4.9363933458561675, "iw": -13.226412192788786, "ix": -6.783468696940058, "iy": -13.226412192788786, "iz": -6.160323002331014, "ja": -0.8073549220576037, "jb": -8.894817763307943, "jc": -8.894817763307943, "jd": -8.894817763307943, "je": -3.166897308744744, "jf": -8.894817763307943, "jg": -8.894817763307943, "jh": -8.894817763307943, "ji": -6.894817763307943, "jj": -8.894817763307943, "jk": -8.894817763307943, "jl": -8.894817763307943, "jm": -8.894817763307943, "jn": -8.894817763307943, "jo": -3.1399302611444746, "jp": -8.894817763307943, "jq": -8.894817763307943, "jr": -8.894817763307943, "js": -8.894817763307943, "jt": -8.894817763307943, "ju": -2.7248927618656307, "jv": -8.894817763307943, "jw": -8.894817763307943, "jx": -8.894817763307943, "jy": -8.894817763307943, "jz": -8.894817763307943, "ka": -5.087462841250339, "kb": -5.087462841250339, "kc": -5.087462841250339, "kd": -5.087462841250339, "ke": -4.087462841250339, "kf": -5.087462841250339, "kg": -5.087462841250339, "kh": -5.087462841250339, "ki": -5.087462841250339, "kj": -5.087462841250339, "kk": -5.087462841250339, "kl": -5.087462841250339, "km": -5.087462841250339, "kn": -5.087462841250339, "ko": -5.087462841250339, "kp": -5.087462841250339, "kq": -5.087462841250339, "kr": -5.087462841250339, "ks": -5.087462841250339, "kt": -2.087462841250339, "ku": -5.087462841250339, "kv": -5.087462841250339, "kw": -5.087462841250339, "kx": -5.087462841250339, "ky": -5.087462841250339, "kz": -5.087462841250339, "la": -2.746088115056674, "lb": -10.549142899680653, "lc": -6.549142899680653, "ld": -5.519395556286601, "le": -2.178455492873436, "lf": -7.089711281043356, "lg": -5.134105400401809, "lh": -2.4669938583267825, "li": -3.526775086652199, "lj": -10.13410540040181, "lk": -12.13410540040181, "ll": -8.326750478344206, "lm": -5.301215386237068, "ln": -8.13410540040181, "lo": -3.336443874548049, "lp": -7.089711281043356,